[
   {
    "name": "Фора-Банк",
    "nameEn": "Фора-Банк",
    "alias": "forabanks",
    "url": "http://absolutbank.ru/",
    "backgroundColor": "#EF4136",
    " ": [
      "#EF4136",
      "#EF4136"
    ],
    "backgroundLightness": "light",
    "logoStyle": "light",
    "text": "#ffffff",
    "prefixes": [
      "425691",
      "457825",
      "425690",
      "559456",
      "557986",
      "536466"
    ]
  },
  {
    "name": "Ак Барс",
    "nameEn": "AK Bars",
    "alias": "ru-akbars",
    "url": "https://www.akbars.ru/",
    "backgroundColor": "#01973e",
    "backgroundColors": [
      "#01973e",
      "#04632b"
    ],
    "backgroundLightness": "dark",
    "logoStyle": "white",
    "text": "#ffffff",
    "prefixes": [
      "400079",
      "424436",
      "424437",
      "424438",
      "424439",
      "424440",
      "464636",
      "520935",
      "520985",
      "528588",
      "552958",
      "677088"
    ]
  },
  {
    "name": "Альфа-Банк",
    "nameEn": "Alfa-Bank",
    "alias": "ru-alfa",
    "url": "https://alfabank.ru/",
    "backgroundColor": "#ef3124",
    "backgroundColors": [
      "#ef3124",
      "#d6180b"
    ],
    "backgroundLightness": "dark",
    "logoStyle": "white",
    "text": "#ffffff",
    "prefixes": [
      "408396",
      "408397",
      "410584",
      "415400",
      "415428",
      "415429",
      "415481",
      "415482",
      "419539",
      "419540",
      "426101",
      "426102",
      "426113",
      "426114",
      "427714",
      "428804",
      "428905",
      "428906",
      "431416",
      "431417",
      "431727",
      "434135",
      "438143",
      "439000",
      "439077",
      "440237",
      "458279",
      "458280",
      "458281",
      "458410",
      "458411",
      "458443",
      "458450",
      "465227",
      "475791",
      "477714",
      "477932",
      "477960",
      "477964",
      "478752",
      "479004",
      "479087",
      "480623",
      "510126",
      "519747",
      "519778",
      "521178",
      "522828",
      "523701",
      "530827",
      "531237",
      "537643",
      "548601",
      "548655",
      "548673",
      "548674",
      "552175",
      "552186",
      "555156",
      "555921",
      "555928",
      "555933",
      "555947",
      "555949",
      "555957",
      "558334",
      "627119",
      "676230"
    ]
  },
  {
    "name": "Азиатско-Тихоокеанский Банк",
    "nameEn": "Азиатско-Тихоокеанский Банк",
    "alias": "ru-atb",
    "url": "https://www.atb.su/",
    "backgroundColor": "#eeeeee",
    "backgroundColors": [
      "#eeeeee",
      "#dea184"
    ],
    "backgroundLightness": "light",
    "logoStyle": "colored",
    "text": "#373a36",
    "prefixes": [
      "419149",
      "419150",
      "419151",
      "419152",
      "419153",
      "428666",
      "458473",
      "458488",
      "458489",
      "458490",
      "478387",
      "530413",
      "532947",
      "542654",
      "544886",
      "670555"
    ]
  },
  {
    "name": "Авангард",
    "nameEn": "Avangard",
    "alias": "ru-avangard",
    "url": "https://www.avangard.ru/",
    "backgroundColor": "#095b34",
    "backgroundColors": [
      "#0f8e52",
      "#095b34"
    ],
    "backgroundLightness": "dark",
    "logoStyle": "white",
    "text": "#ffffff",
    "prefixes": [
      "220023",
      "403896",
      "403897",
      "403898",
      "404114",
      "419163",
      "419164",
      "470673",
      "470674",
      "470675",
      "478273",
      "518681",
      "522223",
      "522224",
      "531316",
      "533206",
      "535946",
      "539673",
      "558535",
      "676463"
    ]
  },
  {
    "name": "Бинбанк",
    "nameEn": "B&N Bank Public",
    "alias": "ru-binbank",
    "url": "https://www.binbank.ru/",
    "backgroundColor": "#cdeafd",
    "backgroundColors": [
      "#cdeafd",
      "#9cc0d9"
    ],
    "backgroundLightness": "light",
    "logoStyle": "colored",
    "text": "#004c81",
    "prefixes": [
      "220022",
      "402948",
      "402949",
      "403894",
      "405225",
      "405226",
      "409794",
      "410085",
      "410086",
      "411641",
      "412746",
      "416700",
      "416701",
      "416702",
      "416703",
      "416790",
      "416791",
      "416792",
      "417689",
      "419519",
      "421651",
      "422098",
      "422104",
      "422105",
      "425874",
      "427725",
      "444002",
      "444023",
      "444024",
      "444025",
      "447362",
      "447363",
      "458218",
      "465203",
      "465204",
      "465205",
      "469339",
      "515785",
      "518586",
      "518788",
      "518876",
      "520328",
      "522016",
      "524862",
      "525744",
      "527450",
      "531351",
      "531425",
      "531853",
      "532835",
      "533151",
      "533614",
      "539036",
      "539600",
      "539721",
      "540194",
      "540455",
      "540642",
      "541152",
      "541294",
      "542504",
      "543038",
      "543366",
      "544117",
      "547243",
      "547377",
      "547801",
      "548092",
      "548265",
      "548270",
      "549349",
      "549512",
      "549523",
      "550025",
      "552866",
      "554372",
      "554373",
      "557073",
      "557976",
      "558625",
      "558636",
      "676428",
      "676934",
      "676947",
      "676998",
      "677058",
      "677275",
      "677276",
      "677358",
      "677406",
      "677505"
    ]
  },
  {
    "name": "Кредит Европа Банк",
    "nameEn": "Credit Europe Bank",
    "alias": "ru-ceb",
    "url": "https://www.crediteurope.ru/",
    "backgroundColor": "#e0eaf7",
    "backgroundColors": [
      "#e0eaf7",
      "#f7dfdf"
    ],
    "backgroundLightness": "light",
    "logoStyle": "colored",
    "text": "#1c297b",
    "prefixes": [
      "408373",
      "411647",
      "411648",
      "411649",
      "416920",
      "432158",
      "456587",
      "456588",
      "512273",
      "521144",
      "521830",
      "524665",
      "531034",
      "532315",
      "539114",
      "541450",
      "547550",
      "557056",
      "557057",
      "559813",
      "676586"
    ]
  },
  {
    "name": "Сетелем Банк",
    "nameEn": "Cetelem Bank",
    "alias": "ru-cetelem",
    "url": "https://www.cetelem.ru/",
    "backgroundColor": "#ceecb7",
    "backgroundColors": [
      "#ceecb7",
      "#8bbb75"
    ],
    "backgroundLightness": "light",
    "logoStyle": "colored",
    "text": "#167158",
    "prefixes": [
      "522592",
      "532326"
    ]
  },
  {
    "name": "Ситибанк",
    "nameEn": "Citibank",
    "alias": "ru-citi",
    "url": "https://www.citibank.ru/",
    "backgroundColor": "#008bd0",
    "backgroundColors": [
      "#00bcf2",
      "#004e90"
    ],
    "backgroundLightness": "dark",
    "logoStyle": "white",
    "text": "#ffffff",
    "prefixes": [
      "412776",
      "419293",
      "419349",
      "421179",
      "427760",
      "427761",
      "438046",
      "469360",
      "473849",
      "473850",
      "485467",
      "486666",
      "512762",
      "515854",
      "520305",
      "520306",
      "520373",
      "520377",
      "520957",
      "520993",
      "524620",
      "525689",
      "527594",
      "530266",
      "531809",
      "532974",
      "533201",
      "533681",
      "539726",
      "540788",
      "545182",
      "547490",
      "552573",
      "552574",
      "555057",
      "555058"
    ]
  },
  {
    "name": "Глобэкс",
    "nameEn": "Globexbank",
    "alias": "ru-globex",
    "url": "http://www.globexbank.ru/",
    "backgroundColor": "#9bdaff",
    "backgroundColors": [
      "#9bdaff",
      "#ffd2a2"
    ],
    "backgroundLightness": "light",
    "logoStyle": "colored",
    "text": "#072761",
    "prefixes": [
      "402429",
      "403324",
      "432050",
      "439243",
      "439244",
      "439245",
      "439246",
      "439250",
      "439251",
      "441108",
      "469376"
    ]
  },
  {
    "name": "Газпромбанк",
    "nameEn": "Gazprombank",
    "alias": "ru-gpb",
    "url": "http://www.gazprombank.ru/",
    "backgroundColor": "#02356c",
    "backgroundColors": [
      "#044b98",
      "#02356c"
    ],
    "backgroundLightness": "dark",
    "logoStyle": "white",
    "text": "#ffffff",
    "prefixes": [
      "220001",
      "404136",
      "404270",
      "421398",
      "424917",
      "424974",
      "424975",
      "424976",
      "426890",
      "427326",
      "430299",
      "433316",
      "465882",
      "487415",
      "487416",
      "487417",
      "489354",
      "514082",
      "516454",
      "517375",
      "517593",
      "518228",
      "518373",
      "518704",
      "518816",
      "518902",
      "521155",
      "522193",
      "522477",
      "522826",
      "522988",
      "522989",
      "525740",
      "525784",
      "525833",
      "526483",
      "527444",
      "529278",
      "529488",
      "530114",
      "530993",
      "531305",
      "532684",
      "533327",
      "534130",
      "534171",
      "534196",
      "536995",
      "537627",
      "539839",
      "540664",
      "540674",
      "542255",
      "543672",
      "543724",
      "543762",
      "544026",
      "544561",
      "545101",
      "545807",
      "547348",
      "548027",
      "548999",
      "549000",
      "549098",
      "549600",
      "549614",
      "552055",
      "552702",
      "556052",
      "558355",
      "559255",
      "559992",
      "671122",
      "676454",
      "676990",
      "677110",
      "677484",
      "677585"
    ]
  },
  {
    "name": "Хоум Кредит Банк",
    "nameEn": "HCF Bank",
    "alias": "ru-hcf",
    "url": "http://homecredit.ru/",
    "backgroundColor": "#e41701",
    "backgroundColors": [
      "#e41701",
      "#bd1908"
    ],
    "backgroundLightness": "dark",
    "logoStyle": "white",
    "text": "#ffffff",
    "prefixes": [
      "406364",
      "445433",
      "445434",
      "445435",
      "445436",
      "446098",
      "446915",
      "449572",
      "472445",
      "516444",
      "522199",
      "524835",
      "525933",
      "531327",
      "536500",
      "536511",
      "545762",
      "548745",
      "557734"
    ]
  },
  {
    "name": "Югра",
    "nameEn": "Jugra",
    "alias": "ru-jugra",
    "url": "http://www.jugra.ru/",
    "backgroundColor": "#d6ffe6",
    "backgroundColors": [
      "#d6ffe6",
      "#fff1e4"
    ],
    "backgroundLightness": "light",
    "logoStyle": "colored",
    "text": "#088237",
    "prefixes": [
      "406777",
      "406778",
      "406779",
      "406780",
      "406781",
      "515681",
      "537770",
      "549965",
      "549966",
      "558385",
      "676245"
    ]
  },
  {
    "name": "Московский Индустриальный Банк",
    "nameEn": "Mosсow Industrial Bank",
    "alias": "ru-mib",
    "url": "http://www.minbank.ru/",
    "backgroundColor": "#8f0e0f",
    "backgroundColors": [
      "#ce4647",
      "#8f0e0f"
    ],
    "backgroundLightness": "dark",
    "logoStyle": "white",
    "text": "#ffffff",
    "prefixes": [
      "220020",
      "402326",
      "402327",
      "402328",
      "402549",
      "472480",
      "480938",
      "510154",
      "510511",
      "515587",
      "515739",
      "516356",
      "520113",
      "524853",
      "527792",
      "536466",
      "548351",
      "549870",
      "557071",
      "557072",
      "557986",
      "558462",
      "559456"
    ]
  },
  {
    "name": "Московский Кредитный Банк",
    "nameEn": "Credit Bank of Moscow",
    "url": "https://mkb.ru/",
    "alias": "ru-mkb",
    "backgroundColor": "#eeeeee",
    "backgroundColors": [
      "#eeeeee",
      "#f9dee8"
    ],
    "backgroundLightness": "light",
    "logoStyle": "colored",
    "text": "#ae0039",
    "prefixes": [
      "403780",
      "419292",
      "443222",
      "443223",
      "443271",
      "443272",
      "443273",
      "443274",
      "471358",
      "515770",
      "521801",
      "524655",
      "532184",
      "542033",
      "543211",
      "552680",
      "676967"
    ]
  },
  {
    "name": "Московский Областной Банк",
    "nameEn": "Mosoblbank",
    "alias": "ru-mob",
    "url": "http://www.mosoblbank.ru/",
    "backgroundColor": "#dd3c3d",
    "backgroundColors": [
      "#e14041",
      "#8e2222"
    ],
    "backgroundLightness": "dark",
    "logoStyle": "white",
    "text": "#ffffff",
    "prefixes": [
      "411669",
      "411670",
      "411671",
      "486322",
      "521528",
      "524943",
      "527023",
      "670852",
      "677496"
    ]
  },
  {
    "name": "МТС Банк",
    "nameEn": "MTS Bank",
    "alias": "ru-mts",
    "url": "http://www.mtsbank.ru/",
    "backgroundColor": "#de1612",
    "backgroundColors": [
      "#ff0000",
      "#ba0e0a"
    ],
    "backgroundLightness": "dark",
    "logoStyle": "white",
    "text": "#ffffff",
    "prefixes": [
      "404204",
      "404224",
      "404266",
      "404267",
      "404268",
      "404269",
      "406356",
      "457802",
      "462013",
      "517955",
      "521159",
      "524602",
      "533213",
      "533736",
      "536672",
      "540616",
      "541435",
      "544123",
      "548035",
      "550583",
      "552618",
      "676884",
      "677684"
    ]
  },
  {
    "name": "Новикомбанк",
    "nameEn": "Novikombank",
    "alias": "ru-novikom",
    "url": "http://www.novikom.ru/",
    "backgroundColor": "#00529b",
    "backgroundColors": [
      "#00529b",
      "#0a4477"
    ],
    "backgroundLightness": "dark",
    "logoStyle": "white",
    "text": "#ffffff",
    "prefixes": [
      "402457",
      "402909",
      "402910",
      "402911",
      "436398",
      "458559",
      "471436"
    ]
  },
  {
    "name": "ФК Открытие",
    "nameEn": "Otkritie FC",
    "alias": "ru-open",
    "url": "https://www.open.ru/",
    "backgroundColor": "#00b3e1",
    "backgroundColors": [
      "#29c9f3",
      "#00b3e1"
    ],
    "backgroundLightness": "dark",
    "logoStyle": "white",
    "text": "#ffffff",
    "prefixes": [
      "401173",
      "404586",
      "405658",
      "405870",
      "407178",
      "409356",
      "409357",
      "409358",
      "414076",
      "429037",
      "429038",
      "429039",
      "429040",
      "429096",
      "431165",
      "431166",
      "432417",
      "434146",
      "434147",
      "434148",
      "446065",
      "457816",
      "457817",
      "457818",
      "457819",
      "458493",
      "467485",
      "467486",
      "467487",
      "484800",
      "485649",
      "514017",
      "515243",
      "515899",
      "516354",
      "516387",
      "517508",
      "522117",
      "524838",
      "525719",
      "529260",
      "530183",
      "530403",
      "531674",
      "532130",
      "532301",
      "534469",
      "534661",
      "534669",
      "535027",
      "535108",
      "536095",
      "542289",
      "542475",
      "542501",
      "543019",
      "544092",
      "544218",
      "544343",
      "544499",
      "544573",
      "544962",
      "547449",
      "547616",
      "548484",
      "549024",
      "549025",
      "549848",
      "550446",
      "552708",
      "557946",
      "557948",
      "558620",
      "559264",
      "670518",
      "670587",
      "676231",
      "676697"
    ]
  },
  {
    "name": "ОТП Банк",
    "nameEn": "OTP Bank",
    "alias": "ru-otp",
    "url": "https://www.otpbank.ru/",
    "backgroundColor": "#acff90",
    "backgroundColors": [
      "#acff90",
      "#9edabf"
    ],
    "backgroundLightness": "light",
    "logoStyle": "colored",
    "text": "#006437",
    "prefixes": [
      "402311",
      "402312",
      "402313",
      "409681",
      "419636",
      "432947",
      "432948",
      "432949",
      "436865",
      "459230",
      "515774",
      "516009",
      "517202",
      "521330",
      "522470",
      "526839",
      "529968",
      "531428",
      "533685",
      "545214"
    ]
  },
  {
    "name": "Почта Банк",
    "nameEn": "Pochtabank",
    "alias": "ru-pochta",
    "url": "https://www.pochtabank.ru/",
    "backgroundColor": "#efefef",
    "backgroundColors": [
      "#efefef",
      "#dbe1ff"
    ],
    "backgroundLightness": "light",
    "logoStyle": "colored",
    "text": "#001689",
    "prefixes": [
      "405990",
      "405991",
      "405992",
      "405993"
    ]
  },
  {
    "name": "Промсвязьбанк",
    "nameEn": "Promsvyazbank",
    "alias": "ru-psb",
    "url": "http://www.psbank.ru/",
    "backgroundColor": "#c5cfef",
    "backgroundColors": [
      "#f7d1b5",
      "#c5cfef"
    ],
    "backgroundLightness": "light",
    "logoStyle": "colored",
    "text": "#274193",
    "prefixes": [
      "220003",
      "402507",
      "404906",
      "411791",
      "424561",
      "424562",
      "424563",
      "426803",
      "426804",
      "446050",
      "447817",
      "447818",
      "447824",
      "451382",
      "472345",
      "472346",
      "472347",
      "472348",
      "476206",
      "476207",
      "476208",
      "482413",
      "515848",
      "516473",
      "518946",
      "518970",
      "518977",
      "518981",
      "520085",
      "520088",
      "521124",
      "523688",
      "525494",
      "526280",
      "528701",
      "529160",
      "530441",
      "531534",
      "531943",
      "534462",
      "534495",
      "535023",
      "535058",
      "539621",
      "539704",
      "539861",
      "541269",
      "541503",
      "542340",
      "543874",
      "544800",
      "545350",
      "546766",
      "547329",
      "548172",
      "548269",
      "548429",
      "549425",
      "549439",
      "549524",
      "554279",
      "554759",
      "554781",
      "557981",
      "558254",
      "558268",
      "558516",
      "558672",
      "670508",
      "670583",
      "670611",
      "670654",
      "670661",
      "676444",
      "677263",
      "677370",
      "677371",
      "677372",
      "677405",
      "677461",
      "677462",
      "677506"
    ]
  },
  {
    "name": "Райффайзенбанк",
    "nameEn": "Raiffeisenbank bank",
    "alias": "ru-raiffeisen",
    "url": "https://www.raiffeisen.ru/",
    "backgroundColor": "#efe6a2",
    "backgroundColors": [
      "#eeeeee",
      "#efe6a2"
    ],
    "backgroundLightness": "light",
    "logoStyle": "black",
    "text": "#000000",
    "prefixes": [
      "220030",
      "402177",
      "402178",
      "402179",
      "404807",
      "404885",
      "415430",
      "420705",
      "422287",
      "425620",
      "425884",
      "425885",
      "432498",
      "445977",
      "446916",
      "446917",
      "447603",
      "447624",
      "462729",
      "462730",
      "462758",
      "462779",
      "465578",
      "476036",
      "478741",
      "490816",
      "508406",
      "510069",
      "510070",
      "515876",
      "528053",
      "528808",
      "528809",
      "530867",
      "533594",
      "533616",
      "536392",
      "537965",
      "542772",
      "544237",
      "545115",
      "547613",
      "548164",
      "550484",
      "553496",
      "558273",
      "558536",
      "558622",
      "676333",
      "676625"
    ]
  },
  {
    "name": "РосЕвроБанк",
    "nameEn": "Rosevrobank",
    "alias": "ru-reb",
    "url": "http://www.rosevrobank.ru/",
    "backgroundColor": "#4b1650",
    "backgroundColors": [
      "#8b2d8e",
      "#4b1650"
    ],
    "backgroundLightness": "dark",
    "logoStyle": "white",
    "text": "#ffffff",
    "prefixes": [
      "400171",
      "415822",
      "418906",
      "418907",
      "418908",
      "418909",
      "472252",
      "489186",
      "518774",
      "518781",
      "552613",
      "676881"
    ]
  },
  {
    "name": "Ренессанс Кредит",
    "nameEn": "Renaissance Capital",
    "alias": "ru-ren",
    "url": "https://rencredit.ru/",
    "backgroundColor": "#ffe6f1",
    "backgroundColors": [
      "#ffe6f1",
      "#f9fff1"
    ],
    "backgroundLightness": "light",
    "logoStyle": "colored",
    "text": "#439539",
    "prefixes": [
      "431854",
      "431855",
      "431856",
      "431857",
      "431890",
      "466163",
      "466164",
      "466174",
      "512444",
      "516116",
      "516150",
      "520905",
      "531315",
      "552729",
      "557737",
      "677040"
    ]
  },
  {
    "name": "Росгосстрах Банк",
    "nameEn": "Rosgosstrakh Bank",
    "alias": "ru-rgs",
    "url": "https://www.rgsbank.ru/",
    "backgroundColor": "#b31b2c",
    "backgroundColors": [
      "#b31b2c",
      "#6f030f"
    ],
    "backgroundLightness": "dark",
    "logoStyle": "colored",
    "text": "#ffe2b8",
    "prefixes": [
      "416982",
      "416983",
      "416984",
      "431359",
      "471225",
      "472489",
      "473841",
      "512478",
      "521172",
      "521310",
      "526818",
      "677189"
    ]
  },
  {
    "name": "Росбанк",
    "nameEn": "Rosbank bank",
    "alias": "ru-rosbank",
    "url": "http://www.rosbank.ru/",
    "backgroundColor": "#d3b9ba",
    "backgroundColors": [
      "#d3b9ba",
      "#b1898b"
    ],
    "backgroundLightness": "light",
    "logoStyle": "black",
    "text": "#000000",
    "prefixes": [
      "400812",
      "400814",
      "400866",
      "404862",
      "404863",
      "404890",
      "404892",
      "405436",
      "406767",
      "407564",
      "412519",
      "414379",
      "421394",
      "421648",
      "423169",
      "425153",
      "427715",
      "430081",
      "430088",
      "432638",
      "438933",
      "438970",
      "438971",
      "440503",
      "440504",
      "440505",
      "440540",
      "440541",
      "440849",
      "440850",
      "450251",
      "459937",
      "460493",
      "473853",
      "473854",
      "473855",
      "474218",
      "476827",
      "477908",
      "477986",
      "478264",
      "478265",
      "478266",
      "499932",
      "499966",
      "510098",
      "510453",
      "512003",
      "512756",
      "512771",
      "512808",
      "513022",
      "514529",
      "514930",
      "515605",
      "517538",
      "517583",
      "517822",
      "518038",
      "518079",
      "518406",
      "518580",
      "518642",
      "518714",
      "518864",
      "518882",
      "518889",
      "520036",
      "520047",
      "520902",
      "521374",
      "521508",
      "522511",
      "522513",
      "522705",
      "522711",
      "523787",
      "524001",
      "524614",
      "524861",
      "525245",
      "525247",
      "525741",
      "525778",
      "525794",
      "526462",
      "526981",
      "526984",
      "527393",
      "527640",
      "527643",
      "527663",
      "528015",
      "528090",
      "528270",
      "528819",
      "528933",
      "529100",
      "529101",
      "529247",
      "529437",
      "529813",
      "529862",
      "530215",
      "530412",
      "530416",
      "530800",
      "531222",
      "532058",
      "532336",
      "532809",
      "533684",
      "533795",
      "533925",
      "534251",
      "534293",
      "534297",
      "534449",
      "534577",
      "534645",
      "534921",
      "536569",
      "539102",
      "540035",
      "540053",
      "540149",
      "540229",
      "541031",
      "541903",
      "541904",
      "542058",
      "542963",
      "543127",
      "544263",
      "544491",
      "544905",
      "545151",
      "545204",
      "545364",
      "545379",
      "545529",
      "545547",
      "545572",
      "545575",
      "547070",
      "547470",
      "547681",
      "547705",
      "548225",
      "548409",
      "548796",
      "548921",
      "549068",
      "549081",
      "549268",
      "549475",
      "549478",
      "549822",
      "549829",
      "549855",
      "549865",
      "550064",
      "550143",
      "550165",
      "550210",
      "550467",
      "550547",
      "551979",
      "551985",
      "551989",
      "551993",
      "551996",
      "552151",
      "553069",
      "553128",
      "553690",
      "553909",
      "553964",
      "554317",
      "554324",
      "554326",
      "554549",
      "554713",
      "554733",
      "554761",
      "554782",
      "554844",
      "555079",
      "557646",
      "557724",
      "557841",
      "557842",
      "557848",
      "557849",
      "557977",
      "557980",
      "558258",
      "558274",
      "558296",
      "558416",
      "558480",
      "558504",
      "558605",
      "558673",
      "559448",
      "559476",
      "559488",
      "559596",
      "559598",
      "559615",
      "559811",
      "559814",
      "559899",
      "559969",
      "670550",
      "670557",
      "670560",
      "670567",
      "670575",
      "670607",
      "670646",
      "670647",
      "670652",
      "670674",
      "670694",
      "670819",
      "670828",
      "670849",
      "670851",
      "670869",
      "670996",
      "671137",
      "676347",
      "676450",
      "676501",
      "676533",
      "676664",
      "676668",
      "676946",
      "677076",
      "677112",
      "677222",
      "677234",
      "677235",
      "677240",
      "677245",
      "677303",
      "677309",
      "677314",
      "677315",
      "677342",
      "677343",
      "677345",
      "677359",
      "677360",
      "677375",
      "677376",
      "677401",
      "677467",
      "677468",
      "677507",
      "677579",
      "677597",
      "677617",
      "677721"
    ]
  },
  {
    "name": "Российский Капитал",
    "nameEn": "Rossiysky Capital",
    "alias": "ru-roscap",
    "url": "http://www.roscap.ru/",
    "backgroundColor": "#ffdcc1",
    "backgroundColors": [
      "#ffdcc1",
      "#ffced0"
    ],
    "backgroundLightness": "light",
    "logoStyle": "colored",
    "text": "#000000",
    "prefixes": [
      "403218",
      "405665",
      "405666",
      "405667",
      "405669",
      "411945",
      "414563",
      "427806",
      "427807",
      "427808",
      "443275",
      "459328",
      "466500",
      "466505",
      "466511",
      "466512",
      "466513",
      "466514",
      "467933",
      "510082",
      "510125",
      "510162",
      "510166",
      "510173",
      "512051",
      "512082",
      "512347",
      "512442",
      "512594",
      "512626",
      "512641",
      "512643",
      "512821",
      "513459",
      "513768",
      "513769",
      "514014",
      "515862",
      "517803",
      "517807",
      "518331",
      "518365",
      "518598",
      "518795",
      "518916",
      "519327",
      "519350",
      "520093",
      "520348",
      "520666",
      "520685",
      "522042",
      "522833",
      "522862",
      "523436",
      "523546",
      "523558",
      "523559",
      "524856",
      "525735",
      "525758",
      "525767",
      "525768",
      "525776",
      "525781",
      "526090",
      "526393",
      "526940",
      "527415",
      "527622",
      "528016",
      "528593",
      "529071",
      "529426",
      "529446",
      "529448",
      "529497",
      "530078",
      "530595",
      "531562",
      "531652",
      "532310",
      "532334",
      "532436",
      "532441",
      "532917",
      "532921",
      "533668",
      "533725",
      "533794",
      "534134",
      "534183",
      "536370",
      "536443",
      "536464",
      "536554",
      "537713",
      "537737",
      "538395",
      "538828",
      "539864",
      "539865",
      "539869",
      "540014",
      "540308",
      "540602",
      "540927",
      "541895",
      "541975",
      "542247",
      "542581",
      "542600",
      "542932",
      "543367",
      "543618",
      "543664",
      "543728",
      "544069",
      "544175",
      "544212",
      "544270",
      "544754",
      "544885",
      "545362",
      "545490",
      "545511",
      "546996",
      "547151",
      "547610",
      "547859",
      "548062",
      "548072",
      "548073",
      "548173",
      "548186",
      "548204",
      "548301",
      "548328",
      "548335",
      "548404",
      "548490",
      "548554",
      "548753",
      "548754",
      "548755",
      "548777",
      "548783",
      "548784",
      "548785",
      "548791",
      "549074",
      "549258",
      "549314",
      "549470",
      "549574",
      "549597",
      "549887",
      "549935",
      "549969",
      "550070",
      "550235",
      "551950",
      "552549",
      "552603",
      "554364",
      "554365",
      "557959",
      "557969",
      "558488",
      "670505",
      "670521",
      "670556",
      "670594",
      "670601",
      "670602",
      "670605",
      "670623",
      "670624",
      "670625",
      "670628",
      "670633",
      "670638",
      "670663",
      "670671",
      "670676",
      "670818",
      "670846",
      "670893",
      "670981",
      "676371",
      "676445",
      "676859",
      "676979",
      "676989",
      "677018",
      "677136",
      "677146",
      "677223",
      "677228",
      "677229",
      "677257",
      "677267",
      "677272",
      "677285",
      "677288",
      "677289",
      "677302",
      "677305",
      "677318",
      "677319",
      "677335",
      "677336",
      "677338",
      "677349",
      "677374",
      "677424",
      "677428",
      "677444",
      "677456",
      "677457",
      "677466",
      "677501",
      "677578",
      "677600",
      "677611",
      "677646",
      "677655",
      "677656",
      "677688",
      "677694",
      "677714"
    ]
  },
  {
    "name": "Россия",
    "nameEn": "Rossiya",
    "alias": "ru-rossiya",
    "url": "http://www.abr.ru/",
    "backgroundColor": "#eeeeee",
    "backgroundColors": [
      "#eeeeee",
      "#98c2dd"
    ],
    "backgroundLightness": "light",
    "logoStyle": "colored",
    "text": "#07476e",
    "prefixes": [
      "220008",
      "419905",
      "426809",
      "426810",
      "426811",
      "426812",
      "426813",
      "426814",
      "426815",
      "430708",
      "430709",
      "452235",
      "452236",
      "458722",
      "458723",
      "476280",
      "476946",
      "485071"
    ]
  },
  {
    "name": "Русский Стандарт",
    "nameEn": "Russian Standard Bank",
    "alias": "ru-rsb",
    "url": "https://www.rsb.ru/",
    "backgroundColor": "#414042",
    "backgroundColors": [
      "#6a656f",
      "#414042"
    ],
    "backgroundLightness": "dark",
    "logoStyle": "white",
    "text": "#ffffff",
    "prefixes": [
      "360769",
      "375117",
      "411790",
      "417250",
      "417251",
      "417252",
      "417253",
      "417254",
      "417291",
      "419718",
      "437348",
      "444429",
      "457647",
      "483175",
      "483176",
      "483177",
      "486065",
      "510047",
      "510092",
      "513691",
      "522455",
      "522588",
      "524381",
      "533469",
      "533689",
      "534266",
      "542048",
      "544429",
      "545160",
      "547262",
      "548235",
      "676565",
      "677391"
    ]
  },
  {
    "name": "Россельхозбанк",
    "nameEn": "Rosselkhozbank",
    "alias": "ru-rshb",
    "url": "http://www.rshb.ru/",
    "backgroundColor": "#007f2b",
    "backgroundColors": [
      "#007f2b",
      "#005026"
    ],
    "backgroundLightness": "dark",
    "logoStyle": "white",
    "text": "#ffcd00",
    "prefixes": [
      "418384",
      "418385",
      "418386",
      "418387",
      "418388",
      "422608",
      "435986",
      "436100",
      "436104",
      "524448",
      "525446",
      "534162",
      "536409",
      "538010",
      "547601",
      "549715"
    ]
  },
  {
    "name": "Сбербанк России",
    "nameEn": "Sberbank",
    "alias": "ru-sberbank",
    "url": "https://www.sberbank.ru/",
    "backgroundColor": "#1a9f29",
    "backgroundColors": [
      "#1a9f29",
      "#0d7518"
    ],
    "backgroundLightness": "dark",
    "logoStyle": "white",
    "text": "#ffffff",
    "prefixes": [
      "402333",
      "417398",
      "423078",
      "427400",
      "427401",
      "427402",
      "427403",
      "427404",
      "427405",
      "427406",
      "427407",
      "427408",
      "427409",
      "427410",
      "427411",
      "427412",
      "427413",
      "427414",
      "427415",
      "427416",
      "427417",
      "427418",
      "427419",
      "427420",
      "427421",
      "427422",
      "427423",
      "427424",
      "427425",
      "427426",
      "427427",
      "427428",
      "427429",
      "427430",
      "427431",
      "427432",
      "427433",
      "427434",
      "427435",
      "427436",
      "427437",
      "427438",
      "427439",
      "427440",
      "427441",
      "427442",
      "427443",
      "427444",
      "427445",
      "427446",
      "427447",
      "427448",
      "427449",
      "427450",
      "427451",
      "427452",
      "427453",
      "427454",
      "427455",
      "427456",
      "427457",
      "427458",
      "427459",
      "427460",
      "427461",
      "427462",
      "427463",
      "427464",
      "427465",
      "427466",
      "427467",
      "427468",
      "427469",
      "427470",
      "427471",
      "427472",
      "427473",
      "427474",
      "427475",
      "427476",
      "427477",
      "427491",
      "427499",
      "427600",
      "427601",
      "427602",
      "427603",
      "427604",
      "427605",
      "427606",
      "427607",
      "427608",
      "427609",
      "427610",
      "427611",
      "427612",
      "427613",
      "427614",
      "427615",
      "427616",
      "427617",
      "427618",
      "427619",
      "427620",
      "427621",
      "427622",
      "427623",
      "427624",
      "427625",
      "427626",
      "427627",
      "427628",
      "427629",
      "427630",
      "427631",
      "427632",
      "427633",
      "427634",
      "427635",
      "427636",
      "427637",
      "427638",
      "427639",
      "427640",
      "427641",
      "427642",
      "427643",
      "427644",
      "427645",
      "427646",
      "427647",
      "427648",
      "427649",
      "427650",
      "427651",
      "427652",
      "427653",
      "427654",
      "427655",
      "427656",
      "427657",
      "427658",
      "427659",
      "427660",
      "427661",
      "427662",
      "427663",
      "427664",
      "427665",
      "427666",
      "427667",
      "427668",
      "427669",
      "427670",
      "427671",
      "427672",
      "427673",
      "427674",
      "427675",
      "427676",
      "427677",
      "427678",
      "427679",
      "427680",
      "427681",
      "427682",
      "427683",
      "427684",
      "427685",
      "427686",
      "427687",
      "427688",
      "427689",
      "427690",
      "427692",
      "427693",
      "427694",
      "427695",
      "427696",
      "427697",
      "427699",
      "427900",
      "427901",
      "427902",
      "427903",
      "427904",
      "427905",
      "427906",
      "427907",
      "427908",
      "427909",
      "427910",
      "427911",
      "427912",
      "427913",
      "427914",
      "427915",
      "427916",
      "427917",
      "427918",
      "427919",
      "427920",
      "427921",
      "427922",
      "427923",
      "427924",
      "427925",
      "427926",
      "427927",
      "427928",
      "427929",
      "427930",
      "427931",
      "427932",
      "427933",
      "427934",
      "427935",
      "427936",
      "427937",
      "427938",
      "427939",
      "427940",
      "427941",
      "427942",
      "427943",
      "427944",
      "427945",
      "427946",
      "427947",
      "427948",
      "427949",
      "427950",
      "427951",
      "427952",
      "427953",
      "427954",
      "427955",
      "427956",
      "427957",
      "427958",
      "427959",
      "427960",
      "427961",
      "427962",
      "427963",
      "427964",
      "427965",
      "427966",
      "427967",
      "427968",
      "427969",
      "427970",
      "427971",
      "427972",
      "427973",
      "427974",
      "427975",
      "427976",
      "427977",
      "427978",
      "427979",
      "427980",
      "427981",
      "427982",
      "427983",
      "427984",
      "427985",
      "427986",
      "427987",
      "427988",
      "427989",
      "427990",
      "427991",
      "427992",
      "427993",
      "427994",
      "427995",
      "427996",
      "427997",
      "427998",
      "427999",
      "481776",
      "481779",
      "481781",
      "485463",
      "515548",
      "515842",
      "520633",
      "522860",
      "524829",
      "527576",
      "531310",
      "533205",
      "533669",
      "542577",
      "543763",
      "543942",
      "544331",
      "545037",
      "545152",
      "545840",
      "546031",
      "546901",
      "546902",
      "546903",
      "546904",
      "546905",
      "546906",
      "546907",
      "546908",
      "546909",
      "546910",
      "546911",
      "546912",
      "546913",
      "546916",
      "546917",
      "546918",
      "546920",
      "546922",
      "546925",
      "546926",
      "546927",
      "546928",
      "546929",
      "546930",
      "546931",
      "546932",
      "546933",
      "546935",
      "546936",
      "546937",
      "546938",
      "546939",
      "546940",
      "546941",
      "546942",
      "546943",
      "546944",
      "546945",
      "546946",
      "546947",
      "546948",
      "546949",
      "546950",
      "546951",
      "546952",
      "546953",
      "546954",
      "546955",
      "546956",
      "546959",
      "546960",
      "546961",
      "546962",
      "546963",
      "546964",
      "546966",
      "546967",
      "546968",
      "546969",
      "546970",
      "546972",
      "546974",
      "546975",
      "546976",
      "546977",
      "546998",
      "546999",
      "547901",
      "547902",
      "547905",
      "547906",
      "547907",
      "547910",
      "547911",
      "547912",
      "547913",
      "547920",
      "547922",
      "547925",
      "547926",
      "547927",
      "547928",
      "547930",
      "547931",
      "547932",
      "547935",
      "547936",
      "547937",
      "547938",
      "547940",
      "547942",
      "547943",
      "547944",
      "547945",
      "547947",
      "547948",
      "547949",
      "547950",
      "547951",
      "547952",
      "547953",
      "547954",
      "547955",
      "547956",
      "547959",
      "547960",
      "547961",
      "547962",
      "547964",
      "547966",
      "547969",
      "547972",
      "547976",
      "547998",
      "547999",
      "548401",
      "548402",
      "548403",
      "548405",
      "548406",
      "548407",
      "548410",
      "548411",
      "548412",
      "548413",
      "548416",
      "548420",
      "548422",
      "548425",
      "548426",
      "548427",
      "548428",
      "548430",
      "548431",
      "548432",
      "548435",
      "548436",
      "548438",
      "548440",
      "548442",
      "548443",
      "548444",
      "548445",
      "548447",
      "548448",
      "548449",
      "548450",
      "548451",
      "548452",
      "548454",
      "548455",
      "548456",
      "548459",
      "548460",
      "548461",
      "548462",
      "548463",
      "548464",
      "548466",
      "548468",
      "548469",
      "548470",
      "548472",
      "548476",
      "548477",
      "548498",
      "548499",
      "550251",
      "559901",
      "605461",
      "639002",
      "676195",
      "676196",
      "676280",
      "677128"
    ]
  },
  {
    "name": "СКБ-Банк",
    "nameEn": "SKB-Bank",
    "alias": "ru-skb",
    "url": "http://www.skbbank.ru/",
    "backgroundColor": "#006b5a",
    "backgroundColors": [
      "#31a899",
      "#006b5a"
    ],
    "backgroundLightness": "dark",
    "logoStyle": "white",
    "text": "#ffffff",
    "prefixes": [
      "410695",
      "410696",
      "413877",
      "413878",
      "413879",
      "432058",
      "437524",
      "459226",
      "472879",
      "488951",
      "548386",
      "549071",
      "670637"
    ]
  },
  {
    "name": "СМП Банк",
    "nameEn": "SMP Bank",
    "alias": "ru-smp",
    "url": "http://smpbank.ru/",
    "backgroundColor": "#9fe5ff",
    "backgroundColors": [
      "#9fe5ff",
      "#5ea6d6"
    ],
    "backgroundLightness": "light",
    "logoStyle": "colored",
    "text": "#005288",
    "prefixes": [
      "220488",
      "425693",
      "425694",
      "425695",
      "425696",
      "444238",
      "444239",
      "444240",
      "444241",
      "468596",
      "469670",
      "515764",
      "518820",
      "518884",
      "520920",
      "521326",
      "529295",
      "530036",
      "554524",
      "677175",
      "677366",
      "677518"
    ]
  },
  {
    "name": "Совкомбанк",
    "nameEn": "Sovcombank bank",
    "alias": "ru-sovkom",
    "url": "https://sovcombank.ru/",
    "backgroundColor": "#c9e4f6",
    "backgroundColors": [
      "#c9e4f6",
      "#f5fafd"
    ],
    "backgroundLightness": "light",
    "logoStyle": "colored",
    "text": "#004281",
    "prefixes": [
      "402532",
      "402533",
      "402534",
      "418362",
      "418363",
      "418364",
      "421637",
      "421647",
      "422096",
      "422097",
      "424901",
      "424944",
      "427853",
      "522881",
      "529170",
      "530445",
      "533595",
      "546850"
    ]
  },
  {
    "name": "Банк «Санкт-Петербург»",
    "nameEn": "Bank Saint Petersburg",
    "alias": "ru-spb",
    "url": "https://www.bspb.ru/",
    "backgroundColor": "#ffcfcf",
    "backgroundColors": [
      "#ffcfcf",
      "#d2553f"
    ],
    "backgroundLightness": "light",
    "logoStyle": "colored",
    "text": "#000000",
    "prefixes": [
      "411676",
      "423197",
      "428925",
      "437349",
      "479713",
      "479768",
      "479769",
      "479770",
      "479771",
      "479772",
      "479773",
      "479788",
      "522858",
      "530900",
      "532186",
      "541600",
      "543101",
      "549376"
    ]
  },
  {
    "name": "Связь-Банк",
    "nameEn": "Sviaz-Bank",
    "alias": "ru-sviaz",
    "url": "https://www.sviaz-bank.ru/",
    "backgroundColor": "#d2e0ec",
    "backgroundColors": [
      "#d2e0ec",
      "#caecd8"
    ],
    "backgroundLightness": "light",
    "logoStyle": "colored",
    "text": "#165a9a",
    "prefixes": [
      "220006",
      "430289",
      "439054",
      "439055",
      "439056",
      "439057",
      "441318",
      "467564",
      "475098",
      "518827",
      "518971",
      "527348",
      "529889",
      "530171",
      "531332",
      "556056",
      "677367"
    ]
  },
  {
    "name": "Транскапиталбанк",
    "nameEn": "Transcapitalbank",
    "alias": "ru-tcb",
    "url": "https://www.tkbbank.ru/",
    "backgroundColor": "#8cf5f4",
    "backgroundColors": [
      "#8cf5f4",
      "#ffe6bf"
    ],
    "backgroundLightness": "light",
    "logoStyle": "colored",
    "text": "#005599",
    "prefixes": [
      "402877",
      "446950",
      "473869",
      "478474",
      "478475",
      "478476"
    ]
  },
  {
    "name": "Тинькофф Банк",
    "nameEn": "Tinkoff Bank",
    "alias": "ru-tinkoff",
    "url": "https://www.tinkoff.ru/",
    "backgroundColor": "#333333",
    "backgroundColors": [
      "#444444",
      "#222222"
    ],
    "backgroundLightness": "dark",
    "logoStyle": "white",
    "text": "#ffffff",
    "prefixes": [
      "437772",
      "437773",
      "437784",
      "470127",
      "518901",
      "521324",
      "524468",
      "548387",
      "551960",
      "553420"
    ]
  },
  {
    "name": "Траст",
    "nameEn": "Trust",
    "alias": "ru-trust",
    "url": "http://www.trust.ru/",
    "backgroundColor": "#231f20",
    "backgroundColors": [
      "#403739",
      "#231f20"
    ],
    "backgroundLightness": "dark",
    "logoStyle": "white",
    "text": "#ffffff",
    "prefixes": [
      "410323",
      "411900",
      "424553",
      "424554",
      "424555",
      "426201",
      "426334",
      "426335",
      "437540",
      "437541",
      "447516",
      "456515",
      "456516",
      "464485",
      "467033",
      "486031",
      "490986",
      "493475",
      "494343",
      "516906",
      "518753",
      "518885",
      "525932",
      "531318",
      "536114",
      "557808",
      "557809",
      "558298",
      "676642",
      "677363"
    ]
  },
  {
    "name": "Уральский Банк Реконструкции и Развития",
    "nameEn": "UBRD",
    "alias": "ru-ubrd",
    "url": "http://www.ubrr.ru/",
    "backgroundColor": "#ffd9e4",
    "backgroundColors": [
      "#ffd9e4",
      "#b6d1e3"
    ],
    "backgroundLightness": "light",
    "logoStyle": "black",
    "text": "#000000",
    "prefixes": [
      "415025",
      "430180",
      "430181",
      "430439",
      "435139",
      "471226"
    ]
  },
  {
    "name": "ЮниКредит Банк",
    "nameEn": "UniCredit Bank",
    "alias": "ru-ucb",
    "url": "https://www.unicreditbank.ru/",
    "backgroundColor": "#250c0c",
    "backgroundColors": [
      "#402727",
      "#250c0c"
    ],
    "backgroundLightness": "dark",
    "logoStyle": "white",
    "text": "#ffffff",
    "prefixes": [
      "413047",
      "430323",
      "432560",
      "433300",
      "433336",
      "462776",
      "469362",
      "472446",
      "485608",
      "489042",
      "489099",
      "490818",
      "490855",
      "510074",
      "518996",
      "518997",
      "522458",
      "530172",
      "531236",
      "531344",
      "547728",
      "549302",
      "676672"
    ]
  },
  {
    "name": "Банк Уралсиб",
    "nameEn": "Uralsib",
    "alias": "ru-uralsib",
    "url": "https://www.uralsib.ru/",
    "backgroundColor": "#2c4257",
    "backgroundColors": [
      "#6289aa",
      "#2c4257"
    ],
    "backgroundLightness": "dark",
    "logoStyle": "white",
    "text": "#ffffff",
    "prefixes": [
      "400244",
      "404111",
      "409682",
      "410213",
      "419370",
      "419804",
      "419805",
      "419810",
      "422372",
      "424204",
      "424205",
      "424206",
      "424207",
      "424290",
      "424291",
      "424473",
      "424474",
      "424475",
      "424476",
      "426390",
      "426396",
      "427827",
      "427828",
      "429196",
      "429197",
      "429811",
      "431112",
      "431113",
      "431114",
      "432169",
      "432259",
      "432260",
      "433011",
      "434149",
      "440610",
      "440664",
      "440665",
      "440666",
      "440668",
      "440680",
      "440682",
      "440683",
      "440689",
      "440690",
      "442466",
      "453558",
      "453559",
      "453560",
      "453561",
      "459290",
      "466047",
      "466048",
      "466049",
      "466050",
      "467810",
      "467811",
      "467812",
      "470342",
      "471439",
      "471440",
      "471441",
      "471499",
      "483973",
      "483974",
      "483975",
      "483976",
      "483977",
      "483979",
      "483980",
      "489169",
      "490815",
      "510172",
      "510411",
      "510412",
      "510424",
      "510429",
      "510436",
      "510444",
      "510483",
      "510494",
      "510499",
      "510508",
      "511741",
      "512298",
      "512394",
      "512419",
      "512424",
      "512510",
      "512636",
      "512741",
      "512777",
      "512788",
      "513222",
      "514515",
      "515777",
      "515792",
      "515840",
      "515844",
      "515861",
      "515887",
      "515900",
      "516025",
      "516161",
      "516206",
      "516445",
      "516448",
      "518025",
      "518048",
      "518095",
      "518223",
      "518275",
      "518316",
      "518318",
      "518372",
      "518392",
      "518449",
      "518499",
      "518522",
      "518533",
      "518607",
      "518621",
      "518683",
      "518727",
      "518805",
      "518874",
      "518909",
      "518911",
      "519346",
      "520006",
      "520035",
      "520996",
      "521379",
      "521381",
      "521658",
      "521779",
      "521820",
      "521847",
      "521879",
      "522022",
      "522083",
      "522212",
      "522230",
      "522965",
      "522970",
      "523281",
      "524004",
      "524390",
      "524776",
      "524818",
      "525236",
      "525248",
      "525443",
      "525696",
      "525714",
      "525751",
      "526857",
      "526992",
      "527001",
      "527196",
      "527574",
      "527658",
      "528014",
      "528068",
      "528704",
      "529273",
      "529293",
      "529436",
      "529450",
      "529461",
      "529860",
      "530035",
      "530142",
      "530143",
      "530145",
      "530279",
      "530526",
      "530758",
      "530979",
      "531038",
      "531073",
      "531207",
      "531657",
      "531858",
      "532320",
      "532328",
      "532472",
      "532475",
      "532583",
      "533166",
      "533611",
      "534128",
      "534132",
      "534136",
      "534148",
      "534156",
      "534194",
      "534296",
      "534927",
      "536176",
      "536186",
      "536400",
      "536454",
      "536960",
      "537705",
      "537709",
      "537715",
      "537730",
      "537734",
      "538397",
      "538800",
      "538998",
      "539037",
      "539617",
      "539710",
      "539852",
      "540111",
      "540400",
      "540687",
      "540708",
      "540768",
      "540794",
      "540834",
      "540923",
      "541279",
      "541354",
      "541456",
      "541632",
      "541789",
      "541920",
      "541983",
      "542112",
      "542246",
      "543015",
      "543354",
      "543435",
      "543749",
      "543807",
      "544195",
      "544272",
      "544326",
      "544367",
      "544369",
      "544417",
      "544439",
      "544462",
      "544552",
      "545200",
      "545266",
      "545272",
      "545472",
      "545539",
      "545540",
      "545592",
      "545638",
      "545655",
      "545701",
      "545742",
      "545744",
      "545761",
      "545778",
      "545789",
      "545792",
      "545799",
      "545817",
      "545868",
      "545916",
      "546339",
      "546340",
      "546468",
      "546551",
      "546593",
      "546662",
      "546679",
      "546718",
      "546842",
      "546844",
      "547228",
      "547253",
      "547257",
      "547258",
      "547298",
      "547300",
      "547306",
      "547314",
      "547319",
      "547324",
      "547421",
      "547447",
      "547547",
      "547563",
      "547576",
      "547580",
      "547665",
      "547699",
      "547761",
      "547796",
      "547851",
      "548137",
      "548138",
      "548177",
      "548205",
      "548214",
      "548246",
      "548249",
      "548266",
      "548268",
      "548272",
      "548291",
      "548294",
      "548326",
      "548393",
      "548453",
      "548504",
      "548511",
      "548571",
      "548588",
      "548704",
      "548706",
      "548713",
      "548752",
      "548899",
      "548934",
      "548996",
      "548997",
      "549014",
      "549015",
      "549229",
      "549251",
      "549255",
      "549256",
      "549257",
      "549264",
      "549274",
      "549283",
      "549285",
      "549303",
      "549306",
      "549307",
      "549347",
      "549401",
      "549424",
      "549447",
      "549454",
      "549483",
      "549522",
      "549647",
      "549654",
      "549716",
      "549830",
      "549873",
      "549881",
      "550006",
      "550468",
      "552845",
      "553000",
      "553581",
      "553584",
      "554546",
      "554562",
      "554581",
      "554607",
      "554615",
      "554651",
      "556057",
      "557036",
      "557106",
      "557107",
      "557970",
      "558275",
      "558326",
      "558354",
      "558356",
      "558374",
      "558391",
      "558463",
      "558651",
      "558664",
      "558690",
      "605462",
      "670992",
      "670995",
      "671106",
      "671136",
      "676528",
      "676984",
      "677261",
      "677382",
      "677408",
      "677430",
      "677431",
      "679074"
    ]
  },
  {
    "name": "Всероссийский Банк Развития Регионов",
    "nameEn": "Russian Regional Development Bank",
    "alias": "ru-vbrr",
    "url": "https://www.vbrr.ru/",
    "backgroundColor": "#173e6d",
    "backgroundColors": [
      "#4a5e75",
      "#173e6d"
    ],
    "backgroundLightness": "dark",
    "logoStyle": "white",
    "text": "#ffffff",
    "prefixes": [
      "406140",
      "406141",
      "413203",
      "413204",
      "413205",
      "441273",
      "528249",
      "532356",
      "542751",
      "558713",
      "677649"
    ]
  },
  {
    "name": "Восточный Экспресс Банк",
    "nameEn": "Eastern Express Bank",
    "alias": "ru-veb",
    "url": "https://www.vostbank.ru/",
    "backgroundColor": "#004e96",
    "backgroundColors": [
      "#004e96",
      "#ee3224"
    ],
    "backgroundLightness": "dark",
    "logoStyle": "white",
    "text": "#ffffff",
    "prefixes": [
      "425534",
      "425535",
      "425553",
      "429015",
      "429016",
      "443884",
      "443885",
      "443886",
      "443887",
      "443888",
      "444094",
      "446320",
      "472933",
      "472934",
      "476804"
    ]
  },
  {
    "name": "Возрождение",
    "nameEn": "Bank Vozrozhdenie",
    "alias": "ru-vozrozhdenie",
    "url": "http://www.vbank.ru/",
    "backgroundColor": "#cedae6",
    "backgroundColors": [
      "#cedae6",
      "#a4abb3"
    ],
    "backgroundLightness": "light",
    "logoStyle": "colored",
    "text": "#13427b",
    "prefixes": [
      "403184",
      "410730",
      "410731",
      "413052",
      "414035",
      "422838",
      "422839",
      "423218",
      "433102",
      "438254",
      "440399",
      "464405",
      "490736",
      "498868",
      "519333",
      "526469",
      "534254",
      "547743",
      "548308",
      "548309",
      "676397"
    ]
  },
  {
    "name": "ВТБ Банк Москвы",
    "nameEn": "VTB Bank",
    "alias": "ru-vtb",
    "url": "http://www.vtb.ru/",
    "backgroundColor": "#1d2d70",
    "backgroundColors": [
      "#264489",
      "#1d2d70"
    ],
    "backgroundLightness": "dark",
    "logoStyle": "white",
    "text": "#ffffff",
    "prefixes": [
      "402107",
      "416927",
      "416928",
      "418260",
      "418261",
      "418262",
      "446674",
      "472313",
      "489195",
      "489196",
      "510060",
      "510495",
      "512378",
      "512450",
      "516570",
      "516587",
      "518505",
      "524477",
      "526532",
      "527785",
      "527798",
      "530229",
      "531452",
      "534493",
      "534601",
      "554384",
      "559066",
      "671109",
      "671111",
      "671148",
      "671172",
      "677151"
    ]
  },
  {
    "name": "ВТБ 24",
    "nameEn": "VTB 24",
    "alias": "ru-vtb24",
    "url": "https://www.vtb24.ru/",
    "backgroundColor": "#c4cde4",
    "backgroundColors": [
      "#c4cde4",
      "#9fabcc",
      "#dca9ad"
    ],
    "backgroundLightness": "light",
    "logoStyle": "colored",
    "text": "#0a2972",
    "prefixes": [
      "406744",
      "406977",
      "409398",
      "418831",
      "427229",
      "427230",
      "429565",
      "429749",
      "448331",
      "448343",
      "448344",
      "448346",
      "448369",
      "462235",
      "464787",
      "464842",
      "467058",
      "471487",
      "489327",
      "489347",
      "489348",
      "489349",
      "489350",
      "498629",
      "510144",
      "518591",
      "518640",
      "519304",
      "519998",
      "522598",
      "526589",
      "527883",
      "528154",
      "529025",
      "529938",
      "530184",
      "531233",
      "535082",
      "536829",
      "540169",
      "545224",
      "549223",
      "549270",
      "554386",
      "554393",
      "558518",
      "676800",
      "676802",
      "676803",
      "676805",
      "676845",
      "676851",
      "676860",
      "676861",
      "676888",
      "676893",
      "676896",
      "676939",
      "676974",
      "677194",
      "677271",
      "677470",
      "677471"
    ]
  },
  {
    "name": "Зенит",
    "nameEn": "Zenit",
    "alias": "ru-zenit",
    "url": "https://www.zenit.ru/",
    "backgroundColor": "#008c99",
    "backgroundColors": [
      "#3fc2ce",
      "#008c99"
    ],
    "backgroundLightness": "dark",
    "logoStyle": "white",
    "text": "#ffffff",
    "prefixes": [
      "412434",
      "414656",
      "414657",
      "414658",
      "414659",
      "428266",
      "429796",
      "429797",
      "429798",
      "470434",
      "472235",
      "480232",
      "510464",
      "510469",
      "512449",
      "515760",
      "516333",
      "516358",
      "516372",
      "516456",
      "517667",
      "518647",
      "520350",
      "521194",
      "521589",
      "522456",
      "522851",
      "523755",
      "526891",
      "529208",
      "532461",
      "532463",
      "533214",
      "533954",
      "539607",
      "539613",
      "539850",
      "539898",
      "541754",
      "541778",
      "543236",
      "544025",
      "544852",
      "545117",
      "545896",
      "545929",
      "548767",
      "548768",
      "548771",
      "549411",
      "549882",
      "549888",
      "550219",
      "554780",
      "557029",
      "557030",
      "557942",
      "557944",
      "557960",
      "558696",
      "559645",
      "670512",
      "670614",
      "671123",
      "676523",
      "677084",
      "677260",
      "677327",
      "677329",
      "677380",
      "677388",
      "677389",
      "677458",
      "677459",
      "677493",
      "677497",
      "677510",
      "677514",
      "677659",
      "677660"
    ]
  }
]